Date,AvgTemperature_C,Rainfall_mm,WindSpeed_kmph,Humidity_%
1/1/2018,6.2333228,0,13.24159004,59.63013568
1/2/2018,4.927334481,0,10.37052711,59.62167198
1/3/2018,6.466111556,0,11.87734464,69.86271088
1/4/2018,8.186578213,0,14.01907273,53.07006029
1/5/2018,4.644917348,0,12.16736116,62.52794621
1/6/2018,4.620585446,0,14.98591177,67.44556554
1/7/2018,8.225857138,0,12.79529642,71.35724873
1/8/2018,6.583816347,0,11.60581076,57.97801288
1/9/2018,4.094462211,0.617320002,11.10055663,62.45714726
1/10/2018,6.105948479,0,11.75260267,62.84880179
1/11/2018,4.084367459,0,11.86266637,60.97740866
1/12/2018,4.073077686,0,10.34356839,59.50577399
1/13/2018,5.484757957,0,11.847871,62.17987695
1/14/2018,1.173532113,0,12.3211926,47.33876957
1/15/2018,1.552479315,0,13.61368876,63.41034745
1/16/2018,3.882924829,1.126025159,13.28364742,60.63088952
1/17/2018,2.989983548,0,13.54382828,58.88762552
1/18/2018,5.655244934,0,10.04181841,70.23431098
1/19/2018,3.224761887,0.301030486,11.088337,56.62532991
1/20/2018,2.233213528,0,13.30842144,57.98462005
1/21/2018,8.009075444,0,12.41994684,69.95776651
1/22/2018,4.649122448,0,10.02656738,55.83969348
1/23/2018,5.261561985,0,14.02247321,57.24942359
1/24/2018,2.30576546,0,13.86404787,59.26487288
1/25/2018,4.098169848,0.141913579,12.74209581,64.20367241
1/26/2018,5.443361764,0,10.33231663,61.03901254
1/27/2018,2.957008293,0,13.83257525,53.53687326
1/28/2018,6.050756818,0,12.91856794,57.33915718
1/29/2018,4.141323244,0,13.90979989,56.96322783
1/30/2018,4.805314662,0.205411562,13.75873496,59.61389477
1/31/2018,4.23423851,0,14.01501036,62.12921829
2/1/2018,9.193991206,0,12.59004033,62.09102878
2/2/2018,5.517041676,0,10.70162259,51.11994123
2/3/2018,3.486017563,0,13.35578737,65.31970494
2/4/2018,7.306717536,0,13.10236893,61.26284423
2/5/2018,3.282895864,0,13.71126594,66.92266024
2/6/2018,6.208014313,0,10.84940503,62.22099164
2/7/2018,1.93937987,0,10.974876,65.50661479
2/8/2018,3.273489774,0,14.45204759,62.33272656
2/9/2018,6.397413775,0,13.74988899,66.73112878
2/10/2018,7.557119695,0,14.54114244,62.61125318
2/11/2018,6.502061463,0,13.79357661,59.51042377
2/12/2018,6.009786384,0,12.98577653,71.3621736
2/13/2018,5.723229062,0,13.27066369,64.44518561
2/14/2018,3.455316437,0,14.44563962,62.86872211
2/15/2018,5.062140668,0,12.89403377,53.61847792
2/16/2018,5.672538402,0,13.16195662,53.55846191
2/17/2018,8.802538189,0,10.78238358,61.46357741
2/18/2018,7.472471046,0.678768952,12.3696061,60.72760599
2/19/2018,3.358529099,0,13.58198556,56.92938717
2/20/2018,7.634557057,0,11.35471349,60.7049135
2/21/2018,6.320378872,0,11.0112709,67.94313464
2/22/2018,5.843197489,0,11.56913404,63.47701237
2/23/2018,8.529204309,0,11.20750314,54.29495745
2/24/2018,9.47894096,0,11.07456319,59.44245586
2/25/2018,9.392839361,0.432175871,12.12425421,55.9751676
2/26/2018,5.967394724,0,14.53919257,58.06150042
2/27/2018,7.145134865,0.645960784,12.53529823,57.93192167
2/28/2018,8.54596064,0,10.9396019,57.61177209
3/1/2018,9.956506984,0,10.38485835,53.72432314
3/2/2018,7.171123852,1.15481424,13.48078073,59.36172659
3/3/2018,7.884245858,0,11.91399382,57.19696182
3/4/2018,6.17098387,0,14.10915473,45.35275655
3/5/2018,6.121291141,0,13.29755384,70.26486012
3/6/2018,10.27072864,0,13.98120725,65.44384827
3/7/2018,11.49201257,0,11.3597302,58.11849638
3/8/2018,8.771211056,0,13.46179461,60.09409525
3/9/2018,11.05979893,0,11.32030992,54.14172826
3/10/2018,9.915269316,0,14.6953424,68.47861439
3/11/2018,8.042742928,0,13.18187141,69.48644347
3/12/2018,10.19843808,0,11.622559,60.78346864
3/13/2018,12.69602142,0,11.34755931,65.11765322
3/14/2018,9.694191848,0,10.95463293,60.87643389
3/15/2018,13.04257787,0,13.47320479,53.31637281
3/16/2018,4.82275429,0,11.09357806,57.94088316
3/17/2018,11.85646661,0,12.97651633,60.65963983
3/18/2018,10.53859143,0,11.32317513,57.72726141
3/19/2018,9.919691882,0,13.30984472,58.90673361
3/20/2018,10.85576563,0,14.07469864,59.54300221
3/21/2018,6.852926145,0,13.89012622,59.59560751
3/22/2018,10.54577633,0,13.80425665,60.26129245
3/23/2018,11.85759108,0,10.93861203,54.69697467
3/24/2018,14.25854266,0,10.44192473,56.41491925
3/25/2018,10.42669834,0,13.49474414,53.57707867
3/26/2018,10.0077838,0,11.84173607,64.88907775
3/27/2018,10.7837893,0.248035453,12.16173113,49.47176529
3/28/2018,13.78159199,1.743579021,10.15574546,65.76795172
3/29/2018,12.77267789,0,11.29788225,66.93174699
3/30/2018,11.22089802,0,10.16838202,58.48909707
3/31/2018,13.47300192,0,14.39592886,46.98431456
4/1/2018,12.80742744,0,11.21698342,58.19344719
4/2/2018,14.71807485,0,12.78668585,59.67907919
4/3/2018,11.54484881,0,10.1948966,54.9470089
4/4/2018,12.46240861,0,13.33423696,57.42390803
4/5/2018,12.50285225,0,11.61513673,67.65097599
4/6/2018,10.5298819,0,14.48959593,63.32463581
4/7/2018,14.21945283,0,14.44059094,55.37717943
4/8/2018,14.3200301,0,11.62645309,52.01200415
4/9/2018,13.97920994,0.20549254,14.50480448,58.36491341
4/10/2018,13.67117775,0,14.98078837,58.9327161
4/11/2018,11.48123425,0,14.12707832,62.48099594
4/12/2018,13.64251268,0,14.22435674,57.32341644
4/13/2018,13.97035485,0,11.24504368,62.55749788
4/14/2018,13.2233119,0,12.88351199,69.6757702
4/15/2018,14.67742858,0,10.33627957,64.07750511
4/16/2018,15.98023528,0,10.47458968,59.75955746
4/17/2018,19.11658792,0,14.99446306,59.08424764
4/18/2018,15.8653523,0,11.63319625,58.21663433
4/19/2018,16.20312505,0,13.74091956,65.90320456
4/20/2018,15.71075616,0,14.03332527,56.86343277
4/21/2018,12.19347454,0,14.29011636,60.22611354
4/22/2018,16.1490527,0,14.98814149,60.25598951
4/23/2018,16.49324814,0.440165507,11.20748243,57.49107904
4/24/2018,21.46957243,0,10.20175413,53.13767226
4/25/2018,16.32820951,0,12.05595759,61.61487252
4/26/2018,17.48536178,0,10.65040335,59.69498014
4/27/2018,16.98162146,0,10.11212945,62.50120235
4/28/2018,14.88185905,0,11.80213414,57.33199847
4/29/2018,19.67237329,0,13.91869126,66.10410649
4/30/2018,19.05739902,1.379190603,12.83090346,55.61613109
5/1/2018,19.30164547,0,11.56388995,68.56020142
5/2/2018,16.06604942,0,13.27171003,51.26181745
5/3/2018,20.85480087,0,11.1600909,62.17385032
5/4/2018,15.40899449,0,10.07190723,62.37715341
5/5/2018,19.54894318,0,13.82176693,56.02221466
5/6/2018,22.91767247,0,13.11871542,62.12196969
5/7/2018,16.71617278,0,13.81151312,66.39759335
5/8/2018,17.7240386,0,10.19469008,48.9159058
5/9/2018,19.21418262,0,14.18559814,62.51372404
5/10/2018,18.16498472,1.677902154,13.097631,47.5336459
5/11/2018,16.22642906,0,12.81697675,55.17167598
5/12/2018,19.61941937,1.516320399,13.12307024,68.14583182
5/13/2018,17.51089528,0,14.32216623,57.09108983
5/14/2018,20.73452326,1.012167283,12.93468253,54.13060018
5/15/2018,18.09890703,0,12.9047519,59.01031136
5/16/2018,23.18657825,0,14.95339579,70.33953169
5/17/2018,18.66764949,0.33554275,13.78365084,50.84158876
5/18/2018,19.73592868,0,12.21146903,54.74345044
5/19/2018,22.15138757,0.075208727,13.536985,67.48715842
5/20/2018,18.20528893,0,11.94615236,69.28851172
5/21/2018,21.2629226,0,11.14437731,59.48284388
5/22/2018,23.56155238,0,12.98425938,53.80473649
5/23/2018,17.86980223,0,14.64091049,70.47921751
5/24/2018,21.5897352,0,14.6456976,67.97221196
5/25/2018,21.8740886,0,11.70952639,63.39473494
5/26/2018,23.04994135,0,12.63838733,55.93798826
5/27/2018,19.14244476,0,11.05817949,59.7548533
5/28/2018,19.10352296,0,14.97815555,59.19819959
5/29/2018,22.9144108,0,14.90558954,61.65425652
5/30/2018,22.58855262,0,13.24754465,67.25500719
5/31/2018,22.61755192,0,14.0220703,64.39708521
6/1/2018,22.9293368,0,13.57550081,54.61311962
6/2/2018,20.99412079,0,12.9657911,66.88248225
6/3/2018,22.93422827,0,10.26673998,61.5656607
6/4/2018,23.16920303,0,12.27382171,63.43532898
6/5/2018,21.26544543,0.480967428,13.37393151,67.3327043
6/6/2018,26.53450753,0,13.38765807,54.44209875
6/7/2018,23.85712241,0,11.86561309,59.82087211
6/8/2018,20.63100389,0,14.70845993,57.34272724
6/9/2018,24.42849781,0,10.83678516,52.16070287
6/10/2018,21.26540219,0,12.50179723,61.73354989
6/11/2018,24.88587547,0,13.45441988,72.55778276
6/12/2018,25.72337521,0,13.48567903,50.79961128
6/13/2018,21.85680628,0,13.24319478,59.83859694
6/14/2018,25.51439184,0.250325782,11.37644107,63.20271468
6/15/2018,24.5001254,0.526675568,10.78103284,60.61539101
6/16/2018,25.40303737,0,13.17970163,59.43435974
6/17/2018,27.63426106,0,12.99651058,53.50391818
6/18/2018,23.42903723,0,10.89678005,61.16393371
6/19/2018,22.48883637,0,13.52569573,56.21618011
6/20/2018,22.29110927,0,12.27585996,49.05039148
6/21/2018,22.50965931,0,13.33880296,65.9729611
6/22/2018,24.05550946,0,14.1868354,64.7919291
6/23/2018,24.95772079,0,10.84864214,60.25830488
6/24/2018,24.89175389,0,10.09572434,61.14537344
6/25/2018,26.05292708,0.670563393,13.89551293,65.37159006
6/26/2018,24.48196766,1.05398455,13.04848713,61.12169828
6/27/2018,27.41763332,0,13.49819785,64.52008777
6/28/2018,24.0330346,0,14.19077487,58.512589
6/29/2018,30.05163617,0.550698159,14.01405467,66.55991869
6/30/2018,25.90873407,0,14.80460073,61.60392863
7/1/2018,22.98632411,0,12.67967539,60.97025972
7/2/2018,22.59921956,0,12.44247816,53.64969456
7/3/2018,25.74342825,0,12.009436,61.43477927
7/4/2018,24.36613913,0,10.76845521,55.84022541
7/5/2018,26.27273916,0.064035481,12.86303616,56.80858637
7/6/2018,25.81996967,0.393167814,11.38506262,55.92312186
7/7/2018,24.75366713,0,14.60653756,54.66882534
7/8/2018,23.22863466,0,12.91595402,70.62385702
7/9/2018,21.91248462,0.228217281,12.9642009,66.65669531
7/10/2018,24.06616006,0,11.7746233,69.60183751
7/11/2018,26.68604732,0.594488251,10.25994676,53.8855249
7/12/2018,25.4125417,0,10.15871883,60.35626875
7/13/2018,22.50102255,0,12.11667572,53.53246187
7/14/2018,25.34404687,0,10.42282689,56.52152561
7/15/2018,25.77054216,0,13.03423478,55.40936508
7/16/2018,23.23145171,0,14.40486503,66.19792003
7/17/2018,25.30291302,0,14.41457408,58.01885161
7/18/2018,25.10521459,0,13.29522705,65.34189667
7/19/2018,22.69323101,0,11.05615916,63.02060445
7/20/2018,25.68216374,0,14.31498416,71.51819376
7/21/2018,26.07262216,0.311338808,14.43046718,52.60277888
7/22/2018,27.09867098,0.238845172,10.98326792,66.2961662
7/23/2018,27.01874474,0,13.68713043,65.73220435
7/24/2018,22.13143717,0,11.43259774,55.13310581
7/25/2018,22.98383142,0,14.01320156,65.03566668
7/26/2018,25.85933605,0,14.9861895,61.68072482
7/27/2018,25.82370882,0.208703941,10.15013003,58.8626187
7/28/2018,25.79020088,0,14.48682933,55.88032257
7/29/2018,32.42664495,0,13.11315267,56.40445274
7/30/2018,25.82115885,0.433955527,14.8669131,70.24906048
7/31/2018,26.90583677,0,12.32504759,60.00341409
8/1/2018,26.4951817,0,14.23693965,63.91065001
8/2/2018,25.83959247,0.723836564,10.31197034,56.04550309
8/3/2018,23.85307731,0,11.67639525,56.10073527
8/4/2018,25.94554987,0.633142372,10.33508269,65.40992405
8/5/2018,22.82316303,0,14.87671567,53.25211894
8/6/2018,23.8336021,0,14.08486954,57.92393116
8/7/2018,23.27218013,0,14.26273711,60.17013706
8/8/2018,24.33958454,0.003795809,14.68982616,60.55686301
8/9/2018,28.73536343,0,10.42551743,59.10453357
8/10/2018,20.29902764,0,11.92798796,61.97909891
8/11/2018,25.33091329,0,10.35517445,63.46427878
8/12/2018,20.65514148,0,11.05396551,63.67318773
8/13/2018,22.85625831,0,11.14682889,55.07098096
8/14/2018,25.89496438,0,12.34553606,58.57922451
8/15/2018,23.75998132,0,11.34281084,65.97381431
8/16/2018,21.38773214,0,10.50489053,64.47323594
8/17/2018,22.02188316,0,10.83745545,53.13570274
8/18/2018,24.71845029,0,10.73637782,61.7573995
8/19/2018,21.80280872,0,14.86538399,50.10887375
8/20/2018,23.59829769,0.183571894,13.79646253,60.23467451
8/21/2018,23.15594314,0,14.83880733,69.48883508
8/22/2018,21.65862794,0.387353569,12.19870243,55.26053641
8/23/2018,27.14438673,0,11.39184241,55.82838477
8/24/2018,24.01667846,0,13.99146599,63.82014891
8/25/2018,18.58860095,0,11.63126959,52.28599242
8/26/2018,22.8995769,0,11.49691687,56.83622485
8/27/2018,21.08864718,0,11.16252996,62.98220569
8/28/2018,24.00044221,0,10.64839489,56.82857076
8/29/2018,20.59172766,0,11.28231531,58.82015006
8/30/2018,21.82636322,0,11.77659874,63.72092855
8/31/2018,22.94278683,0,13.36997104,62.10773042
9/1/2018,23.53924448,0,10.31282421,61.33409198
9/2/2018,19.28004583,0,11.0525347,58.3043886
9/3/2018,20.8825611,0,14.0451182,61.85030558
9/4/2018,20.47065651,0,10.73460962,59.3813366
9/5/2018,19.98096968,0,11.71322573,62.28902805
9/6/2018,24.68375448,0,14.32329461,57.51533987
9/7/2018,21.82620405,0,10.77462656,59.08715513
9/8/2018,18.35608461,0,10.41368418,55.05021104
9/9/2018,22.57344657,0,12.42268998,59.82496195
9/10/2018,24.84020502,0,11.51209756,55.94499568
9/11/2018,22.51733491,0,12.81704182,54.42976775
9/12/2018,17.26856055,0,14.01902445,61.29330574
9/13/2018,19.19215576,0,10.68574244,61.06369888
9/14/2018,22.54624043,0,12.90349542,63.91436867
9/15/2018,18.44738814,1.077973265,12.5275438,57.84437215
9/16/2018,20.59923393,0,10.72039393,62.04026423
9/17/2018,21.10833504,0.119157047,13.11999243,62.75398786
9/18/2018,17.5513269,0,11.36820209,62.22386904
9/19/2018,19.13095269,0,12.43917159,55.87173159
9/20/2018,12.61102491,0,10.41136162,60.74681741
9/21/2018,16.88712748,0,12.29792029,61.82070148
9/22/2018,18.27194335,0,11.53231734,60.03589233
9/23/2018,16.12157094,0,14.11190606,49.56761171
9/24/2018,21.72094573,0,10.28489363,60.80244812
9/25/2018,15.43380207,0,12.09303637,71.0626552
9/26/2018,17.25098144,0,12.29215712,58.19980366
9/27/2018,18.22860935,0,13.62503038,56.35961451
9/28/2018,20.68485333,0,12.87143788,61.8667428
9/29/2018,14.76493062,0,13.33606169,61.56189105
9/30/2018,19.79654931,0,13.88524643,65.96367583
10/1/2018,17.32352282,0.300528069,14.31101487,53.71065922
10/2/2018,15.17219185,0,11.56937748,63.65690126
10/3/2018,17.89093585,0.091969957,12.69011353,62.95211031
10/4/2018,17.19578525,0,14.20054039,59.28926732
10/5/2018,15.42763638,0,14.94725565,61.69343659
10/6/2018,16.59759614,0,14.44759656,65.14728741
10/7/2018,15.51685458,0,11.85733631,64.3615769
10/8/2018,16.34362476,0.01196123,10.97583259,54.28490344
10/9/2018,17.26962885,0,12.44696269,64.10079093
10/10/2018,18.94589842,0,13.70820726,59.67655697
10/11/2018,13.12650178,0,12.46284535,60.36437049
10/12/2018,19.69628908,0,12.41590432,60.36598496
10/13/2018,11.3540088,0.247891333,14.19115211,59.24878506
10/14/2018,14.78249978,0,11.8070189,65.95853749
10/15/2018,16.09056444,0,14.29897337,59.5814102
10/16/2018,15.30379933,0,12.034024,54.40226936
10/17/2018,13.32437863,0,11.64116553,58.03235072
10/18/2018,13.98162273,0,12.26994956,60.89347358
10/19/2018,13.24013334,0,13.81223479,66.14607392
10/20/2018,12.87590299,0,10.63001014,63.01547342
10/21/2018,15.58261412,0,10.98209608,55.74732361
10/22/2018,14.4265492,0,14.75722413,72.42594958
10/23/2018,12.15618884,0,10.87745814,61.32387655
10/24/2018,15.17112962,0,12.83863659,66.37695369
10/25/2018,13.81693318,0,12.89657233,59.24142783
10/26/2018,14.65899534,0,12.44812231,62.66679622
10/27/2018,14.12404853,0,13.22372624,64.19734252
10/28/2018,11.03895328,0,11.14913363,66.09097356
10/29/2018,11.40941611,0,12.76331134,65.28684153
10/30/2018,13.85793228,0,11.86086628,64.360985
10/31/2018,13.41843378,0,13.3083363,58.42456634
11/1/2018,11.99106862,0,10.70611772,57.14126979
11/2/2018,12.10358436,0,12.85438708,61.66303755
11/3/2018,14.26124497,0,10.92635178,64.66564036
11/4/2018,10.3607341,0,11.39321532,58.8863965
11/5/2018,12.47705746,0,11.093549,65.32585983
11/6/2018,10.81853504,0,10.9141889,67.26308373
11/7/2018,10.62873483,0,14.12855476,55.4183954
11/8/2018,13.10399412,0,11.42853784,55.81539648
11/9/2018,12.4008293,0,14.63561891,59.29812471
11/10/2018,12.22183143,0,14.84963263,61.53806334
11/11/2018,13.05189068,0,12.85630235,57.37716493
11/12/2018,10.33041261,0,10.71500561,66.76101339
11/13/2018,11.50117887,0,11.87274122,62.12033431
11/14/2018,9.367048352,0,13.98866132,60.19723524
11/15/2018,10.48770879,0,11.83695364,52.82045238
11/16/2018,9.43241341,0,10.43508609,53.42092092
11/17/2018,9.741587545,0,12.78392455,61.40504625
11/18/2018,10.59442143,0,14.22560426,49.33702187
11/19/2018,7.625835954,0,13.97963194,65.06318705
11/20/2018,13.30692203,0,10.8756157,59.20923078
11/21/2018,6.971724605,0,13.36382307,76.21546485
11/22/2018,6.418776775,0.031013422,11.10252132,71.53958125
11/23/2018,11.0285936,0,11.09103767,59.09275465
11/24/2018,10.16277826,1.580601714,14.37035887,59.46831499
11/25/2018,9.696676062,0,11.24834476,64.97790757
11/26/2018,9.576052376,0.585599379,11.31623673,68.51586305
11/27/2018,8.16777236,0,10.00326695,51.80985471
11/28/2018,6.272678988,0,14.35334517,51.06812267
11/29/2018,8.095773015,0,13.96297407,56.88982597
11/30/2018,6.46890744,0,13.13664468,62.91368792
12/1/2018,9.654663926,0,13.75132882,62.48436795
12/2/2018,7.293665129,0,10.76024284,65.34885727
12/3/2018,5.822337331,0,12.29161797,54.00151236
12/4/2018,6.718342189,0,11.75609694,48.41928069
12/5/2018,8.077022495,0,10.46888263,64.29007098
12/6/2018,6.016052344,0,12.43065243,55.85901864
12/7/2018,5.393730571,0.254843066,14.60369825,49.90756068
12/8/2018,7.42257496,0,10.2002956,60.72531873
12/9/2018,7.324552628,2.445327481,11.45730457,63.96587844
12/10/2018,5.722571662,0,11.03770468,59.38971434
12/11/2018,5.698668595,0,11.19073327,57.71075807
12/12/2018,7.011609301,0,14.54217276,59.20318884
12/13/2018,3.56060962,0,12.34034527,58.14708619
12/14/2018,3.553651171,0,12.33149706,53.25976444
12/15/2018,4.84604837,0,13.80287821,56.42659662
12/16/2018,5.772983657,0,10.77246102,62.60639953
12/17/2018,6.741241905,0.068318668,12.43632677,61.60839271
12/18/2018,8.992319527,0,12.14992607,60.84029903
12/19/2018,7.681761223,0,12.98455345,55.02425759
12/20/2018,5.574076639,0,14.99778852,59.09248419
12/21/2018,5.786131324,0,13.84724447,49.11467477
12/22/2018,3.752034049,0,11.98932852,60.89238332
12/23/2018,5.655734418,0,14.13776526,67.14428854
12/24/2018,5.053869259,0,10.85354182,52.62933934
12/25/2018,6.217825687,0,10.15231843,57.07036163
12/26/2018,3.861922313,0,11.02224186,61.64553389
12/27/2018,6.501883062,0,11.70205778,66.26421317
12/28/2018,8.478299656,0.182299061,12.55290379,57.75887692
12/29/2018,5.147774217,0,13.0756457,56.53874835
12/30/2018,6.124045614,0,14.55302859,50.15538429
12/31/2018,6.659106017,0,12.54927005,60.51719065
1/1/2019,4.43745355,0.362504126,12.50637822,70.2103802
1/2/2019,5.652048047,0,10.25121505,61.38679231
1/3/2019,5.195919282,0,10.17455776,59.8886051
1/4/2019,5.335870697,0,12.75579981,61.61041155
1/5/2019,3.56720453,0,12.19089307,59.94453998
1/6/2019,5.137879709,0,14.19590197,55.93492814
1/7/2019,6.06342809,0,10.80339792,64.11639958
1/8/2019,7.951234105,0,10.12485831,61.12880762
1/9/2019,6.951952635,0,12.24519384,60.08806626
1/10/2019,9.327193306,0,11.18739278,55.12316986
1/11/2019,3.476507718,0,10.24807187,66.51753966
1/12/2019,6.749178467,0,13.62299143,63.32351373
1/13/2019,5.367517425,0,10.557965,57.23539581
1/14/2019,9.379698469,0.780396347,13.0415975,65.00912427
1/15/2019,3.385718409,0,11.40524875,57.51214581
1/16/2019,3.328056203,0,10.86748025,56.08998254
1/17/2019,3.816860498,0,11.89875761,56.20148441
1/18/2019,0.77895882,0,14.00722888,51.14465723
1/19/2019,3.989299995,0,11.96046788,62.3577119
1/20/2019,3.539555608,0,13.75384825,50.84427561
1/21/2019,5.378565479,0,10.62743148,53.85778084
1/22/2019,5.784187001,0,13.8638571,49.62205995
1/23/2019,8.878847254,0,11.18466662,59.56965154
1/24/2019,7.056109509,0,13.38696565,59.2483977
1/25/2019,4.033127986,0,12.82890777,58.36651893
1/26/2019,3.424687242,0,14.64572359,54.78711153
1/27/2019,6.242833791,0,11.93661259,54.13883123
1/28/2019,2.658894367,0,10.33082594,62.32184932
1/29/2019,9.005518155,0,10.09577743,57.24724034
1/30/2019,7.747582403,0,14.1342928,61.58179161
1/31/2019,4.49930043,0,12.62367819,55.57375657
2/1/2019,2.063165779,0,13.87622026,60.90531371
2/2/2019,8.251780874,0,11.172128,66.51639019
2/3/2019,5.37235973,0.229064741,11.72541873,62.930829
2/4/2019,8.137260336,0,10.15051936,57.93793091
2/5/2019,2.535727847,0,14.80746162,61.28599485
2/6/2019,4.591537077,0,13.33933953,58.79667413
2/7/2019,5.869207518,0,14.66602544,60.03940092
2/8/2019,6.02382306,0,11.32748204,58.37194474
2/9/2019,5.103560361,0,13.05731806,59.17832397
2/10/2019,7.3258864,0.283255396,13.39249984,61.06046677
2/11/2019,4.024084042,0,11.5877485,55.0332065
2/12/2019,5.956323979,0,14.24054618,54.92060587
2/13/2019,6.566027716,0,14.73580731,53.05728723
2/14/2019,7.441238085,0,14.42427559,51.99864448
2/15/2019,7.925058841,0,13.69533488,53.91358654
2/16/2019,4.34453176,0,11.3873234,60.79731253
2/17/2019,3.620065395,0,11.40808021,55.53606242
2/18/2019,9.340588111,0,14.8168016,62.56807232
2/19/2019,7.549237434,0,10.05142248,60.17356874
2/20/2019,5.489416045,0,13.58024987,50.15747893
2/21/2019,10.19284738,0,13.53123081,63.27487792
2/22/2019,7.428390758,0,13.1134477,64.05399323
2/23/2019,9.664446099,0,14.95054423,55.03068663
2/24/2019,7.551978878,0,11.55939718,62.10095771
2/25/2019,11.65177497,0,11.69985932,55.71750881
2/26/2019,11.15651146,0.593779507,10.39469701,60.48835188
2/27/2019,7.26563132,0,12.21399068,53.67750797
2/28/2019,9.826575679,0,11.30524263,51.03446774
3/1/2019,9.296168629,0.076720931,11.71693351,58.08591405
3/2/2019,10.86673544,0,14.17285895,59.38135527
3/3/2019,6.325716891,0,14.67742257,58.01160153
3/4/2019,9.755756738,0,10.92866536,54.07984721
3/5/2019,10.63055336,0,11.86254466,58.00050469
3/6/2019,5.128198018,0,14.64315281,61.34647376
3/7/2019,6.41301549,0,10.3090423,59.77553485
3/8/2019,4.836766943,0,10.46180264,60.91250515
3/9/2019,8.513919462,0,10.81395495,56.649424
3/10/2019,10.62708178,0,12.97606417,65.85858957
3/11/2019,12.33769654,0,10.75236136,54.11913332
3/12/2019,9.623836429,0,14.84038191,62.43780149
3/13/2019,12.87717938,0,12.23357264,65.90945546
3/14/2019,7.00564101,0.277635581,12.5075898,62.40454046
3/15/2019,6.506525683,0.070039463,11.23329308,58.98737886
3/16/2019,9.951149101,0,12.35480126,57.35851477
3/17/2019,10.9807925,0.298722765,13.30956816,65.18043826
3/18/2019,10.29910779,0,13.75588568,52.88512537
3/19/2019,6.382822383,0.229242592,13.76934041,55.1493787
3/20/2019,10.494004,0,12.88945556,58.01221117
3/21/2019,8.219124973,0,14.52179887,66.18826879
3/22/2019,12.32446521,0,14.08703924,61.89883818
3/23/2019,11.87656243,0,13.78524057,55.15977121
3/24/2019,9.422994998,0,10.27802761,58.44846147
3/25/2019,10.43550494,0,10.03438981,56.92838428
3/26/2019,9.50634396,0,11.06223639,56.45105504
3/27/2019,11.66194519,0,13.31761797,64.89444779
3/28/2019,13.86107239,0,12.05598744,53.14128435
3/29/2019,10.14372358,0,12.0120313,68.04390428
3/30/2019,13.28851146,0,14.42293444,64.14114845
3/31/2019,11.38595181,0,14.47781424,65.45430835
4/1/2019,11.02752668,0,14.54587632,57.68530244
4/2/2019,12.56672415,0,11.56939038,59.2502964
4/3/2019,10.87847036,0,13.45527906,52.83424093
4/4/2019,12.01043429,1.862227512,11.35816591,57.37668796
4/5/2019,10.89131277,0,10.95304917,62.46827424
4/6/2019,17.38636206,0,10.92316229,66.48031531
4/7/2019,13.69773938,0.334572812,11.7105381,54.46421592
4/8/2019,12.39846854,0,12.1497881,58.17247032
4/9/2019,14.39694285,0,14.15474586,59.2435039
4/10/2019,13.91569591,0,10.59945547,53.02105399
4/11/2019,13.87003653,0,13.67462924,62.95674621
4/12/2019,15.71213673,0,12.65727457,56.38004834
4/13/2019,16.1707993,0,11.43972671,59.02304824
4/14/2019,13.76686414,0,12.46409792,57.74025314
4/15/2019,13.84836352,0.196281298,11.49971035,56.05330747
4/16/2019,14.62203017,0,12.98040978,59.96477507
4/17/2019,10.74037379,0,12.16921961,58.92195211
4/18/2019,12.48581455,0,10.82202765,58.14071059
4/19/2019,18.4217728,0,10.58291537,56.35769189
4/20/2019,19.14958341,0,12.73347841,61.59762335
4/21/2019,15.5329449,0,14.51206517,68.26808634
4/22/2019,17.35519438,0,11.71978843,60.69943616
4/23/2019,16.99528803,0,13.66500054,64.98059107
4/24/2019,22.70084982,0,13.29330677,53.04889037
4/25/2019,18.95208126,0,14.65777457,60.7888072
4/26/2019,16.62643192,0,14.10490509,54.51315841
4/27/2019,15.13996412,0,12.83302629,52.61537536
4/28/2019,14.00632249,0,13.28515249,56.30314296
4/29/2019,17.79365493,0,14.49193233,65.95949667
4/30/2019,16.04083146,0,11.99759392,64.75007914
5/1/2019,14.87507416,0,11.63397353,61.21502361
5/2/2019,16.59167856,0.309462967,10.05405542,52.3364972
5/3/2019,15.88611624,0,14.13275537,59.01859674
5/4/2019,21.58697989,0.538455618,14.0049035,61.50850004
5/5/2019,20.13850851,0,10.52227259,60.87768115
5/6/2019,18.52081594,0.506221446,12.88428691,50.78103208
5/7/2019,21.65713371,0,12.31990849,55.54841076
5/8/2019,19.01137068,0.0344886,10.59354548,59.67961118
5/9/2019,17.29231149,0.365329021,14.90284114,62.68145455
5/10/2019,22.21818418,0,11.07347944,49.01936089
5/11/2019,20.40557601,0.66862596,10.3361709,59.18938012
5/12/2019,17.40780111,0,12.9742369,60.71524385
5/13/2019,19.25482535,0,13.69433339,64.24805994
5/14/2019,18.03610189,0,10.16221723,63.46428792
5/15/2019,17.17215604,0,13.29358819,62.91285659
5/16/2019,21.93906453,0,12.66145938,56.00029747
5/17/2019,24.05298935,0,10.51632504,50.45998931
5/18/2019,17.58291657,0.036961463,10.86261938,58.03473621
5/19/2019,21.65029161,0,12.83987149,65.00815913
5/20/2019,19.36573242,0,11.48178807,66.96727264
5/21/2019,19.83375197,0.668768022,14.69157864,63.55274551
5/22/2019,19.76247902,0.217898818,14.09370115,62.14670411
5/23/2019,19.35678716,0.175868991,14.91783603,61.89819824
5/24/2019,21.31751074,0,11.29835419,57.21940627
5/25/2019,19.69242278,0.7450581,14.84861816,59.34969853
5/26/2019,22.02720926,0,12.15616935,68.34534763
5/27/2019,21.51586996,0,11.73759398,55.28720997
5/28/2019,21.26654009,0,10.25174763,68.07389395
5/29/2019,20.05540035,0,10.26382629,58.38985923
5/30/2019,20.84104061,0,13.46005628,66.62716055
5/31/2019,23.62734867,0,12.28964497,52.96592495
6/1/2019,23.23827476,0,11.13260813,62.92952101
6/2/2019,20.39905974,0,13.06985153,56.31614932
6/3/2019,22.66838549,0,11.26429059,52.92366404
6/4/2019,24.08583233,0,12.88815877,61.09267021
6/5/2019,19.35533771,0,11.79604373,65.04735894
6/6/2019,23.8896789,0,14.11776113,55.77529281
6/7/2019,21.58420905,0,14.1034808,52.5049202
6/8/2019,24.15480822,0,12.38675199,59.54077618
6/9/2019,21.58887228,0.115139009,11.75409555,59.56282336
6/10/2019,19.60500133,0,11.81279898,62.74159814
6/11/2019,20.05662139,0,14.02857263,64.74797286
6/12/2019,23.50235395,0,11.64089741,59.70292409
6/13/2019,24.01761592,0,11.04529687,69.27751657
6/14/2019,21.77900633,0,10.42344171,61.12117372
6/15/2019,24.95174846,0,12.3334656,58.26786747
6/16/2019,20.43587693,0,12.41066049,51.9421632
6/17/2019,23.7085155,0,14.20454355,58.6867024
6/18/2019,21.49778107,0,11.10619348,58.31806527
6/19/2019,22.69263648,0,11.90495637,64.80152398
6/20/2019,24.16493547,0,14.04202869,62.31241812
6/21/2019,22.42045315,0,14.11811805,54.10315439
6/22/2019,23.44060179,0,11.92305538,60.86127193
6/23/2019,26.28800245,0,12.29562012,63.35765586
6/24/2019,23.18458855,0.534252945,11.51642945,67.6401568
6/25/2019,26.0699448,0.068537831,14.66277439,64.43751984
6/26/2019,22.19655016,0,10.59321883,63.80423327
6/27/2019,25.57017352,0,14.66874712,60.30042997
6/28/2019,27.44548551,0,13.41933226,61.94156003
6/29/2019,19.66800884,0,12.65786076,66.2475245
6/30/2019,23.06360887,0,10.1632953,53.33611301
7/1/2019,25.85478347,0.28937827,12.37798096,58.25280336
7/2/2019,24.33491378,0.47458724,12.03874053,56.13715626
7/3/2019,25.52077516,0,10.80609406,61.89576559
7/4/2019,23.60509433,0,13.28204802,66.15111088
7/5/2019,25.01791774,0,14.85575454,57.01512857
7/6/2019,24.56213995,0,12.81094406,48.04847816
7/7/2019,27.23488907,0,13.57376638,57.93889627
7/8/2019,25.43106378,0,10.34225226,64.56736866
7/9/2019,25.61738439,0,12.08833498,62.68814951
7/10/2019,24.13543603,0,10.58179243,62.14093124
7/11/2019,23.99803728,0,13.06397918,58.60003349
7/12/2019,24.11923784,0.937074064,14.69241079,53.60484632
7/13/2019,25.7814044,0,13.30888866,62.57647161
7/14/2019,24.15571606,0,10.38401524,55.82859095
7/15/2019,25.57945711,0,11.77333102,70.92048367
7/16/2019,29.14996818,0,12.7533169,62.85253604
7/17/2019,26.73771221,0,12.01603878,57.09675849
7/18/2019,24.33675009,0,14.16822005,56.94307376
7/19/2019,27.38159945,0.749054377,14.07335502,59.53527897
7/20/2019,24.15043827,0,13.0591551,58.80249039
7/21/2019,20.87480404,0.097660099,11.86728973,65.58416888
7/22/2019,22.91639587,0,11.27668187,60.93208085
7/23/2019,21.1695568,0,10.52937159,56.34184131
7/24/2019,24.18374893,0,11.77448842,69.45220343
7/25/2019,24.89631826,0,12.06586259,60.24654166
7/26/2019,28.18214014,0,13.37911463,63.84419838
7/27/2019,25.44999166,0,13.29079912,56.95886746
7/28/2019,24.32190445,0,10.3505407,61.81557814
7/29/2019,26.37999313,0.85128489,11.97629658,61.55554996
7/30/2019,20.25710721,0.120088504,10.90889434,50.55175354
7/31/2019,25.1059346,0.352460807,10.78406353,70.07637555
8/1/2019,26.12890856,0,14.13651075,66.4532223
8/2/2019,21.57963747,0,10.20957608,58.01402342
8/3/2019,26.77112389,0,12.09591438,54.4886513
8/4/2019,25.10460425,0,10.84101828,61.73780807
8/5/2019,23.53823764,0,14.39665108,60.4334885
8/6/2019,25.57280304,0,12.78520257,61.77834474
8/7/2019,28.78429294,0,11.15690318,60.95788698
8/8/2019,24.53956877,0,12.51213644,62.53120495
8/9/2019,24.60248747,1.033057038,13.6574318,67.2365285
8/10/2019,23.11483622,0,14.79059004,62.84051603
8/11/2019,22.25870417,0,11.10223002,54.75172251
8/12/2019,25.54124486,0,14.43090886,66.81281426
8/13/2019,22.08795439,0.309537259,14.67152057,68.20307282
8/14/2019,23.86019566,0,14.58210272,75.76028367
8/15/2019,22.67610639,0,13.17707178,54.38252983
8/16/2019,24.50118135,0,13.14910327,61.21441007
8/17/2019,24.11981478,0,12.01605317,49.58950648
8/18/2019,25.43433468,0,13.76198941,62.76574578
8/19/2019,22.24350919,0,12.65647009,57.25899851
8/20/2019,22.62563064,0,13.38719036,69.61722897
8/21/2019,21.10727203,0,12.14228952,56.12692515
8/22/2019,22.07324212,0,13.65748232,51.55408481
8/23/2019,23.61109954,0.660386841,14.12235759,57.6436813
8/24/2019,24.26281765,0,10.73218128,50.12256114
8/25/2019,20.79455548,0,14.16464858,63.75549727
8/26/2019,24.26588012,0,12.70148266,49.67458477
8/27/2019,25.12349583,0,14.22332955,60.14228791
8/28/2019,23.12244535,0,12.15650853,49.6109409
8/29/2019,25.93036076,0,11.89520243,58.39851098
8/30/2019,20.5082577,0,14.57530366,68.21689078
8/31/2019,19.44350286,0,11.25584634,61.80323946
9/1/2019,18.2502936,0,14.22106163,55.68253198
9/2/2019,24.67272727,0,12.42010286,59.84398256
9/3/2019,22.86029488,1.58591836,12.57047721,60.09008436
9/4/2019,21.30937779,0,11.54234141,62.36315173
9/5/2019,21.8475654,0,12.865211,53.16570818
9/6/2019,18.90186791,0,11.62605598,62.96283637
9/7/2019,25.90774459,0,10.19634707,46.47804184
9/8/2019,21.13629489,0,11.35999303,56.85057724
9/9/2019,20.95651227,0,10.03189522,57.55863079
9/10/2019,22.04742587,0.229677884,14.89177394,63.16663413
9/11/2019,21.41442285,0,14.82873605,60.11315426
9/12/2019,20.75506853,0,11.97577649,52.97218473
9/13/2019,18.579675,0,13.64185427,55.07503437
9/14/2019,20.95535485,0,11.72903049,60.99340005
9/15/2019,23.62677606,0,13.35546579,59.60466329
9/16/2019,22.40243517,0,14.02715022,57.10437945
9/17/2019,22.74544019,0,14.73378122,57.59583105
9/18/2019,18.38275649,0,12.00106138,63.48083999
9/19/2019,17.27079376,0,13.91648991,57.41153714
9/20/2019,18.84198575,0,11.32964225,59.55954378
9/21/2019,19.04735259,0,14.95166152,70.84968294
9/22/2019,20.96546269,0.048801254,10.12884799,52.88158682
9/23/2019,15.23220805,0,13.01764403,50.74078634
9/24/2019,21.51522377,0.327899581,13.29752991,63.91794832
9/25/2019,17.97806903,0,13.44022779,56.60678469
9/26/2019,17.27730827,0,10.60193789,58.40881236
9/27/2019,15.94291944,0,14.69264892,56.09421811
9/28/2019,14.49259341,0,10.9059164,58.7009993
9/29/2019,19.2829961,0,13.11376702,67.99269056
9/30/2019,17.61685774,0,11.1133804,64.01064229
10/1/2019,14.7231349,0,11.53608209,64.31111756
10/2/2019,14.54505161,0,12.73229271,52.91886472
10/3/2019,16.2951595,0,12.08596709,54.24423132
10/4/2019,20.13570891,0,10.801128,45.8046067
10/5/2019,16.10888743,0.344832308,10.85468201,55.95309589
10/6/2019,13.45170606,0,12.09072394,64.78351593
10/7/2019,15.79599565,0,13.78641489,62.58473258
10/8/2019,15.57114293,0,14.48982323,58.89243369
10/9/2019,10.55159421,0,10.42063831,59.88849858
10/10/2019,15.66527506,0,11.96551954,56.55557229
10/11/2019,15.14026371,0,10.50122782,61.02379441
10/12/2019,16.82263506,0,10.0829624,63.8293914
10/13/2019,18.95609659,0,13.30859341,51.92056606
10/14/2019,17.33920003,0,13.01224721,61.49823844
10/15/2019,14.37615265,0,10.81509557,64.66217435
10/16/2019,12.52876378,0.284597709,11.16906417,57.92449856
10/17/2019,19.71649728,0,10.11853877,63.50350306
10/18/2019,14.51630409,0,14.17473603,74.07327222
10/19/2019,14.25399379,0,14.87345298,59.47828604
10/20/2019,14.00638233,0,10.67729768,61.96653525
10/21/2019,14.27957945,3.20273644,11.15737607,56.30971458
10/22/2019,13.4237974,0,14.34204762,60.90625581
10/23/2019,12.39468402,0,14.63231899,62.30135812
10/24/2019,12.27821199,0.273440655,12.09813691,60.9742117
10/25/2019,13.1368276,0,10.25311236,54.9015234
10/26/2019,11.94642156,0,10.19695917,61.03180886
10/27/2019,11.43909928,0,12.86974933,67.31097969
10/28/2019,12.90980375,0,11.96447554,62.24317882
10/29/2019,12.01982376,0,10.14326214,64.80993595
10/30/2019,15.37133105,0.242118585,12.91626196,58.81494015
10/31/2019,6.895753631,0.424166848,10.05651268,63.7495012
11/1/2019,14.21588551,0,13.93685979,61.39633919
11/2/2019,14.36109998,0,11.53216411,55.24544635
11/3/2019,7.559134713,0,10.20129002,61.59260502
11/4/2019,10.85850169,0.203616802,12.9417611,55.04151668
11/5/2019,10.63998096,0,11.98842207,56.83559863
11/6/2019,8.407896959,0,14.86900207,60.94664154
11/7/2019,9.508463858,0,12.72099331,61.48622137
11/8/2019,8.685288721,0,11.37619591,54.05383767
11/9/2019,14.25453749,0,13.54719432,65.26992886
11/10/2019,12.46616894,0,11.35746001,62.86003139
11/11/2019,12.98404325,0,14.52121646,56.47635782
11/12/2019,11.73174905,0,11.87360985,52.31207602
11/13/2019,7.879169386,0,12.74934281,59.2754771
11/14/2019,8.938541333,0,10.25286552,57.77028143
11/15/2019,10.81812521,0.922369935,12.13060619,60.56570229
11/16/2019,7.248443901,0,14.1618177,58.18441669
11/17/2019,10.97359247,0,14.02824403,49.9627157
11/18/2019,8.92345658,0,11.12159279,58.05826531
11/19/2019,8.512635706,0,11.13039536,58.47190444
11/20/2019,10.54406741,0,14.08652656,63.16830512
11/21/2019,9.872285991,0.042017821,14.6519921,56.50900163
11/22/2019,8.125221669,0,10.47680461,68.39337337
11/23/2019,11.03103146,0,12.2502932,50.44179725
11/24/2019,6.417326212,0,11.68727139,66.55583749
11/25/2019,9.680307642,0.653756801,14.35344228,58.87840515
11/26/2019,9.505563874,0,10.41762457,64.29792436
11/27/2019,7.573173027,0,11.05562971,60.39900742
11/28/2019,8.719453776,0,13.76234169,65.69777768
11/29/2019,5.441936746,0,10.25646924,58.06319018
11/30/2019,9.671284902,0,12.4626769,54.50689787
12/1/2019,7.334620186,0.53494705,12.21053517,67.10252144
12/2/2019,6.54233385,0,11.67200589,59.43259677
12/3/2019,9.571350176,0,11.97286158,61.10779237
12/4/2019,5.952426491,0,12.64970293,66.17375957
12/5/2019,4.434236994,0.165773147,10.80683679,54.84022379
12/6/2019,4.030243102,0,12.85997939,62.97745449
12/7/2019,8.250191265,0,14.02716165,57.05052622
12/8/2019,4.374341832,0,13.80080465,59.33915322
12/9/2019,10.34420785,0,10.76949952,60.36139483
12/10/2019,2.572599197,0,10.74624735,52.49889069
12/11/2019,10.03365794,0,11.34087184,56.10581479
12/12/2019,6.969544361,0.298682049,11.80537363,66.75536446
12/13/2019,6.263352079,0,12.04227791,64.43095594
12/14/2019,5.278740546,0,13.39848608,59.68680211
12/15/2019,7.081209042,0,10.28340216,61.21561729
12/16/2019,6.124608555,0,10.17336352,58.52878747
12/17/2019,8.326030538,0,11.95955281,66.78291693
12/18/2019,6.27006239,0,13.48581846,58.99823711
12/19/2019,6.2670455,0,10.96717671,61.15921046
12/20/2019,5.166729275,0,13.20752241,65.73015072
12/21/2019,5.710272492,0,11.29914069,56.11314258
12/22/2019,6.372696316,0,14.43043054,67.79394592
12/23/2019,2.272423904,0,14.47844972,52.34769295
12/24/2019,2.934815693,0,11.48643602,68.14821066
12/25/2019,7.058916754,0,11.14996877,58.13662208
12/26/2019,5.858115076,0,12.05651986,58.78650626
12/27/2019,5.095223361,0,11.20265793,50.54994914
12/28/2019,5.449689696,0,13.36191922,57.72602641
12/29/2019,6.060457925,0,14.13032342,54.80096734
12/30/2019,4.241102809,0,13.36546065,56.96176827
12/31/2019,3.722208583,0,14.12175224,59.31344517
1/1/2020,5.631585004,0.656189282,11.98496081,64.78895807
1/2/2020,3.247117528,0,10.78158485,61.03801676
1/3/2020,5.987239992,0,13.68975474,61.53838327
1/4/2020,1.735351292,0,11.80237253,54.52240306
1/5/2020,7.171535372,0,13.35635413,55.59622955
1/6/2020,6.034054325,0,11.35321971,68.99362509
1/7/2020,5.579490976,0,10.40614817,56.32399483
1/8/2020,7.014328857,0,14.96290898,68.28104126
1/9/2020,8.364359871,0,10.78100754,58.78469401
1/10/2020,7.049568521,0,14.94210497,60.01143968
1/11/2020,1.329454381,0,14.88639966,65.3518258
1/12/2020,2.44538326,0.081993432,13.96909052,66.35946211
1/13/2020,3.751196258,0,13.29711481,59.4459372
1/14/2020,5.052274703,0,12.88903525,58.05878473
1/15/2020,6.037633021,0,14.33050773,59.72039776
1/16/2020,3.556012261,0.411881743,11.44719761,61.68978764
1/17/2020,5.389179317,0,12.33840606,64.45651843
1/18/2020,3.515984404,0,13.09694985,60.02114929
1/19/2020,3.817774433,0,12.05595238,63.09443149
1/20/2020,2.244498737,0,12.13743227,68.19179866
1/21/2020,3.231311414,0,11.65142334,61.90654806
1/22/2020,2.397305838,0,12.82115908,61.55826428
1/23/2020,3.17475907,0,14.25287264,52.40544587
1/24/2020,7.262545426,0,11.00764189,46.84634932
1/25/2020,3.28813752,0,14.67216519,61.94187865
1/26/2020,10.48628071,0,13.44543827,59.52587884
1/27/2020,6.24563125,0,14.11636606,57.42608663
1/28/2020,5.669033029,0,12.78095346,61.21765102
1/29/2020,3.625885063,0,13.89758351,59.69798135
1/30/2020,6.78932192,0.552852195,10.08100199,65.63890125
1/31/2020,4.286376082,0,14.09190212,60.43055434
2/1/2020,5.733454466,0,10.2006943,56.26538357
2/2/2020,10.6642052,0,14.44956688,64.95083119
2/3/2020,5.409319621,0.394203737,14.95981374,58.91434463
2/4/2020,7.960174364,0,11.47033731,62.63268342
2/5/2020,4.318230314,0,11.05159278,57.61294647
2/6/2020,5.720310142,0,13.82681682,56.75086557
2/7/2020,9.400321389,0,11.2651317,60.42084115
2/8/2020,4.675927756,0,14.32781192,60.06414322
2/9/2020,9.628588419,0,10.51421296,62.39913518
2/10/2020,7.495690406,0,10.62977598,58.65677123
2/11/2020,5.034391349,0.149621545,14.89575778,50.81820108
2/12/2020,7.505898427,0,13.36919449,57.83613058
2/13/2020,8.270545352,0,14.23443612,63.96909234
2/14/2020,7.655980342,0,11.62164689,58.5131196
2/15/2020,3.361379645,0,13.38241875,58.76808299
2/16/2020,5.139541592,0,12.97120914,64.93188253
2/17/2020,6.193256465,0,13.0157506,56.44013386
2/18/2020,6.636367609,0,13.4126623,52.28598391
2/19/2020,8.125953605,1.02234009,12.87679587,59.1968444
2/20/2020,7.34179112,0.136427083,12.14531185,57.57913024
2/21/2020,4.419854715,0,11.37961347,55.1687684
2/22/2020,7.957437191,0,13.84290665,59.12310772
2/23/2020,8.527023222,0.739232186,11.13136215,62.45752824
2/24/2020,8.536522811,0,13.46177153,59.95355719
2/25/2020,9.691840574,0.033713794,11.16666411,61.53490536
2/26/2020,9.313674079,0,13.12665085,69.06703849
2/27/2020,8.681919775,0,13.73539134,58.28560569
2/28/2020,7.743102354,0,11.09356944,61.39174317
2/29/2020,4.683494862,0,10.2997165,57.45393319
3/1/2020,8.988708766,0,10.65486871,55.7682014
3/2/2020,8.670939186,0,13.02998484,57.07546173
3/3/2020,8.926811492,0,14.24723203,57.60620714
3/4/2020,5.960207238,0,10.22498411,61.79737899
3/5/2020,6.48356391,0,13.6707563,71.74537893
3/6/2020,10.88583822,1.668782581,11.70659323,56.41978282
3/7/2020,8.836120991,0,12.39264185,57.91687347
3/8/2020,10.41573453,0,14.64429775,59.68438493
3/9/2020,9.248634018,0,11.65985752,61.97899424
3/10/2020,9.392494716,0,12.32668467,61.31775406
3/11/2020,11.35221448,0.43089342,10.06841207,66.42047897
3/12/2020,8.587858828,0,10.4079936,47.86803965
3/13/2020,9.95808548,0,11.29295796,48.06535065
3/14/2020,8.988739984,0,10.1392612,57.52060914
3/15/2020,9.193252044,0,13.15687663,65.48650094
3/16/2020,9.594317352,0,12.13199178,52.17175984
3/17/2020,10.80876483,0.085960806,12.74072601,44.9618383
3/18/2020,9.560209339,0,10.87323593,62.85589703
3/19/2020,13.18375633,0,11.47966015,61.21828612
3/20/2020,9.038849369,0,13.31912237,54.54895797
3/21/2020,10.61137682,0,14.82651362,55.072302
3/22/2020,10.26390382,0,10.25208387,55.1512814
3/23/2020,14.19671034,0,14.4519216,60.55267659
3/24/2020,11.85634833,0,12.88440601,56.86842362
3/25/2020,13.68846008,0,12.81959783,62.47031959
3/26/2020,8.816182637,0,12.50139268,45.72686669
3/27/2020,12.48488829,0,10.34697043,55.71574067
3/28/2020,13.89443726,0,10.44938426,54.3697302
3/29/2020,12.4449864,0,13.00456003,58.71829661
3/30/2020,14.5774278,0.082498813,11.70479286,57.30976121
3/31/2020,11.57869544,0,14.58634033,63.9892189
4/1/2020,15.59947975,0,12.03295269,50.70331614
4/2/2020,17.54675125,0,10.71640729,60.22745738
4/3/2020,12.39205578,0,13.57359417,62.79168212
4/4/2020,12.39606352,0,11.46676711,69.28323718
4/5/2020,16.36368075,0,12.62735154,57.59117014
4/6/2020,16.78635657,0,13.48916393,61.62229302
4/7/2020,12.7521995,0,14.50132056,50.98068604
4/8/2020,13.12860939,0,13.96095597,48.04021898
4/9/2020,13.57678279,0,13.38180534,64.22387188
4/10/2020,11.62307471,0,13.39816591,59.97219853
4/11/2020,12.64649943,0,14.72962322,65.89256345
4/12/2020,12.64750235,1.068229312,11.47912049,53.13298556
4/13/2020,13.29227131,0,10.00556047,62.5995107
4/14/2020,14.93063023,0,11.3597728,69.3440892
4/15/2020,15.64056303,0,11.0894569,62.09852804
4/16/2020,18.4452171,0.410212721,13.30917293,61.38290753
4/17/2020,13.51948859,0,13.168558,60.0427804
4/18/2020,17.65666906,0,12.96730691,52.14559271
4/19/2020,15.4316703,0,10.08121722,66.77786468
4/20/2020,15.93208956,0,13.64389027,56.9457118
4/21/2020,17.55171943,0,11.61765206,62.52241628
4/22/2020,14.12734368,0,13.32527995,52.18482847
4/23/2020,17.3079077,0,12.78289214,54.10270168
4/24/2020,17.04583586,0,11.71365463,67.175437
4/25/2020,17.86716963,0.389127917,10.67288134,58.26348856
4/26/2020,17.62938229,0,10.47209449,67.26637738
4/27/2020,22.12981541,0,14.15759167,59.6088467
4/28/2020,16.11124769,0,14.59198771,50.79051114
4/29/2020,16.49153904,0,13.24894023,64.460338
4/30/2020,16.47330052,0.307413159,10.51717057,57.05053841
5/1/2020,16.77387009,0,12.01013608,63.49344407
5/2/2020,16.77443799,0,13.644696,60.12605434
5/3/2020,20.59072968,0,13.89910442,52.28440886
5/4/2020,21.21623749,0,10.59109311,60.82147383
5/5/2020,17.39526863,0,10.00015359,70.98111571
5/6/2020,17.03253428,0,13.56068523,62.46493229
5/7/2020,19.79946518,0,11.78298088,59.71241123
5/8/2020,17.9104338,0,11.27240666,65.37671701
5/9/2020,20.43779966,0,10.06448735,61.05334233
5/10/2020,19.73360197,0.076559267,12.70149703,61.04767115
5/11/2020,16.45080519,0,14.25575368,54.54187414
5/12/2020,22.73051311,0,14.78815823,61.16924013
5/13/2020,23.37909375,0,12.82872475,65.17721708
5/14/2020,18.71217812,0,12.57230664,55.81968924
5/15/2020,19.31130632,0,10.42528193,67.12247911
5/16/2020,20.80588686,0,12.74436401,59.54146988
5/17/2020,21.0489653,0,11.89989539,55.56115244
5/18/2020,21.84144168,0,13.0356764,64.98816038
5/19/2020,24.68742664,0,11.94363174,58.56602882
5/20/2020,20.45410828,0.502755189,11.20149562,63.79757444
5/21/2020,19.35067238,0,10.47482638,58.54120684
5/22/2020,18.32613025,0,11.57459222,59.70086928
5/23/2020,19.7586074,0,10.48322417,62.46780102
5/24/2020,21.28806906,0,10.88448475,61.45448529
5/25/2020,25.07541134,0,14.93668079,50.0223411
5/26/2020,20.58112358,0,12.22051778,54.3937813
5/27/2020,22.19201209,0,12.65935883,64.64704992
5/28/2020,21.83768188,0,14.36809264,59.33931706
5/29/2020,24.37136982,0,14.9778445,57.38134349
5/30/2020,27.17043107,0,12.91357225,53.20712992
5/31/2020,21.17470284,0.514844384,14.06236911,54.60131839
6/1/2020,21.37529134,0,11.63470512,49.8910068
6/2/2020,24.55804263,0,11.52871979,59.49359641
6/3/2020,23.94684106,0,12.0135186,57.0078121
6/4/2020,26.38756292,0,13.36253631,55.16706055
6/5/2020,23.97081488,0,13.41095845,59.65938287
6/6/2020,22.19087239,0,11.57619717,61.81985315
6/7/2020,24.19492054,0,10.66604962,70.46598966
6/8/2020,25.33279775,0,13.16198128,52.4405829
6/9/2020,24.8557299,0,10.64162931,65.79690522
6/10/2020,24.32625433,0,12.89246254,64.86550781
6/11/2020,25.53953344,0,13.46711064,56.1045363
6/12/2020,25.8367621,0,13.50305748,61.01617977
6/13/2020,26.35195756,0,13.76736055,57.71183375
6/14/2020,24.97198332,1.188627546,14.36429711,60.9284429
6/15/2020,23.42468089,0.555442109,12.49979496,67.54565507
6/16/2020,24.13410247,0,13.65124595,63.02803116
6/17/2020,26.3328314,0,13.09586368,62.54304187
6/18/2020,22.36243735,0,10.9331997,57.8484534
6/19/2020,24.80748475,0.308424912,10.12844822,52.57971668
6/20/2020,23.35460226,0.999626596,11.42270693,58.95765895
6/21/2020,24.26720252,0,12.21516853,66.03304077
6/22/2020,26.83232056,0,13.08552972,52.36416072
6/23/2020,24.72057042,0,14.24979665,54.72455316
6/24/2020,24.49143368,0,10.98122858,60.63133868
6/25/2020,21.73625159,0,10.62774895,55.07672608
6/26/2020,26.0030723,0.021466629,14.81739974,56.03738276
6/27/2020,25.85331663,0,10.5402228,57.88200709
6/28/2020,28.93780729,0,12.39245535,53.17191298
6/29/2020,24.04184291,0.164277957,12.92781864,55.12939077
6/30/2020,25.13893987,0,12.7068721,63.51713958
7/1/2020,25.23977192,0,10.43016079,53.46315109
7/2/2020,27.93338997,0,10.28513457,52.01063933
7/3/2020,24.62247364,0,10.52741714,56.8498751
7/4/2020,25.40278122,0,12.92793842,63.65977751
7/5/2020,26.08928744,0,12.72172444,59.01539096
7/6/2020,25.2725432,0,11.16870396,57.67709461
7/7/2020,24.02935487,0,13.18887071,60.22179399
7/8/2020,25.33035905,0,14.10033751,51.27146284
7/9/2020,27.10645346,0,10.2078948,62.47352827
7/10/2020,22.92021913,0,12.49064972,61.91717516
7/11/2020,25.25029356,0,13.44655206,57.95345763
7/12/2020,23.59225848,0,11.26155964,65.02962256
7/13/2020,27.38777828,0,11.53885453,54.36251951
7/14/2020,21.95353359,0,13.06818951,65.63954497
7/15/2020,23.88132289,0,14.48967647,60.77246833
7/16/2020,25.74988656,0,14.0496221,58.31723705
7/17/2020,28.11984521,0,12.9156511,59.90063182
7/18/2020,24.84767109,0.316278188,13.65110859,59.46367617
7/19/2020,23.85618996,0,11.82411235,66.10141448
7/20/2020,28.71336725,0,13.20482764,54.61660436
7/21/2020,22.03654069,0,12.33090796,56.1874038
7/22/2020,20.51352873,0,10.94968068,65.18151446
7/23/2020,25.7668048,0,13.50869137,57.02232532
7/24/2020,23.85537305,0,12.78232319,64.50266539
7/25/2020,22.78679989,0,11.79310791,68.49717992
7/26/2020,26.21284981,0,14.55669595,57.99102487
7/27/2020,25.24770693,0,10.10467059,63.40681163
7/28/2020,23.5930247,0,11.57886576,54.23153859
7/29/2020,22.11876903,0,10.28440699,63.77366649
7/30/2020,26.37962014,0.102486188,13.83263658,60.99711993
7/31/2020,25.88758053,0,13.51053727,62.36519141
8/1/2020,24.33845824,0,11.65676109,56.77213964
8/2/2020,28.17688979,0,13.37831451,51.69458292
8/3/2020,22.2874419,0,11.97968613,62.51626032
8/4/2020,21.31776312,0,13.78126896,49.68298424
8/5/2020,22.92342317,0,12.27091831,58.41324754
8/6/2020,24.15173519,0,12.06139864,64.70590933
8/7/2020,24.66251516,0,14.67364958,60.95948868
8/8/2020,23.62357419,0,11.2543955,69.74171322
8/9/2020,24.73766882,0,10.6022367,65.12554576
8/10/2020,21.45531406,0.456870129,12.92271557,56.73050806
8/11/2020,26.76810243,0,14.84660906,60.1365669
8/12/2020,23.63581968,0,11.88919607,59.76314649
8/13/2020,25.95165485,0,10.31018382,52.08911618
8/14/2020,24.31687197,0,11.69652634,55.29800542
8/15/2020,24.45672814,0,12.52965827,57.19619547
8/16/2020,24.59202513,0,10.80961503,49.81889749
8/17/2020,24.25467191,0,13.29051109,60.23746734
8/18/2020,24.54898751,0,14.98874695,58.75464078
8/19/2020,25.82368557,0,12.25869738,51.63553049
8/20/2020,23.4578418,0,11.77364278,62.02106433
8/21/2020,24.37983615,0.285107345,12.00352083,63.57936372
8/22/2020,22.67702716,0,10.57573089,61.13517239
8/23/2020,25.62907484,0,14.41636801,58.37965912
8/24/2020,21.28610152,0,12.07412828,62.95721076
8/25/2020,26.12854914,0,11.93637206,63.4011018
8/26/2020,22.33190421,0,13.29845136,61.53701785
8/27/2020,19.43402534,0,12.2101671,55.87693875
8/28/2020,22.43297797,0,13.24116734,61.38300383
8/29/2020,20.69373279,0,10.30723145,65.97740325
8/30/2020,23.61409937,0,14.06861672,57.01685471
8/31/2020,20.50248614,0,14.70251976,70.4896967
9/1/2020,20.78827178,0,13.24382693,57.37184533
9/2/2020,17.77248211,0,14.77282964,60.16203507
9/3/2020,20.51593449,0,10.75716157,56.63757202
9/4/2020,16.43986949,0,12.38708095,61.11635418
9/5/2020,17.98504035,0,13.00903367,51.28889154
9/6/2020,22.53706994,0,12.90868324,57.26979101
9/7/2020,22.44945284,0,12.0073089,54.539394
9/8/2020,21.5886378,0,11.69042205,60.67669174
9/9/2020,18.66194034,0,10.63412011,64.97223688
9/10/2020,20.35698167,0,11.95871225,63.23003094
9/11/2020,20.3000954,0,10.81330408,48.1417032
9/12/2020,17.84389453,0,13.67182838,70.21034826
9/13/2020,23.01921474,0.319796908,11.04415468,61.4763997
9/14/2020,21.61745165,0.023361742,10.29282653,56.1175043
9/15/2020,19.26966673,0,12.76183069,60.78563959
9/16/2020,19.61283861,0,12.97614866,60.88094911
9/17/2020,19.82195346,0,14.35956531,56.66575642
9/18/2020,15.16653366,0,12.88490806,60.98958334
9/19/2020,18.59920482,0.328929651,11.72740427,56.96263856
9/20/2020,17.57193427,0,14.01505941,57.97819004
9/21/2020,16.77383963,0,12.70139447,56.56860432
9/22/2020,18.05493672,0.164726714,10.39640142,52.83664355
9/23/2020,22.05149618,0,12.8292528,60.72918235
9/24/2020,19.57577054,0,14.54009273,62.92649718
9/25/2020,16.98871243,0.002760506,11.98156313,62.57441798
9/26/2020,19.11229376,0,11.48162901,64.09962626
